{"cameraMode":{"drawMode":0,"name":"Shaded","section":"Shading Mode"},"sceneLighting":false,"audioPlay":false,"sceneViewState":{"m_AlwaysRefresh":false,"showFog":true,"showSkybox":false,"showFlares":true,"showImageEffects":true,"showParticleSystems":true,"showVisualEffectGraphs":true,"m_FxEnabled":true},"in2DMode":false,"pivot":{"x":-1.1736027002334595,"y":3.054964065551758,"z":0.9453248977661133},"rotation":{"x":-0.09752056002616883,"y":0.05282042920589447,"z":-0.005164209753274918,"w":-0.9938446283340454},"size":2.9417531490325929,"orthographic":false}