{"cameraMode":{"drawMode":0,"name":"Shaded","section":"Shading Mode"},"sceneLighting":false,"audioPlay":false,"sceneViewState":{"m_AlwaysRefresh":false,"showFog":true,"showSkybox":false,"showFlares":true,"showImageEffects":true,"showParticleSystems":true,"showVisualEffectGraphs":true,"m_FxEnabled":true},"in2DMode":false,"pivot":{"x":27.706974029541017,"y":29.251930236816408,"z":100.27275085449219},"rotation":{"x":-0.10896774381399155,"y":0.7340989708900452,"z":-0.12133488059043884,"w":-0.6592071056365967},"size":144.77713012695313,"orthographic":false}